timestamp	chapter
0:00	Rank and Rent Intro
0:27	Model Breakdown
3:31	Monetization and Billing
5:03	Why It Beats Agencies
8:48	Ippei Origin Story
14:24	Best Site Example
14:58	Misconceptions and GBP
17:17	Picking Profitable Niches
18:46	Reading Competition Right
23:07	Site Structure Basics
25:44	Branding and Scaling Cities
28:22	EMDs and Must Have Pages
31:36	Internal Linking Strategy
36:31	Avoiding Doorway Pages
39:44	AI Content Workflow
43:34	Keyword Research Methods
46:22	GSC Insights and New Pages
47:27	Keyword Page Splits
48:31	Backlinks Versus Authority
51:09	First 30 Days Blueprint
54:38	Site Structure Strategy
56:35	Image Sourcing Tactics
57:59	GBP Lead Boost
1:00:45	Video Verification Hacks
1:05:52	Reviews And Conversions
1:08:23	Monetization Models
1:10:08	Lead Handoff Scripts
1:16:16	Contracts And Leverage
1:18:14	Scaling And Mistakes
1:21:51	Mega Brand Rollup
1:27:18	Why Projects Fail
1:29:30	Final Wrap Up
1:29:30	Final Wrap Up